Conversion_Status,userAgentName,userAgentOS,deviceType,countryCode,avg_duration,avg_jsDuration,avg_timeToDomComplete,avg_timeToConnectEnd,avg_timeToConnectStart,avg_timeToDomComplete,avg_timeToDomContentLoadedEventEnd,avg_timeToDomContentLoadedEventStart,avg_timeToDomInteractive,avg_timeToDomLoading,avg_timeToDomainLookupEnd,avg_timeToDomainLookupStart,avg_timeToFetchStart,avg_timeToLoadEventEnd,avg_timeToLoadEventStart,avg_timeToRequestStart,avg_timeToResponseEnd,avg_timeToResponseStart,avg_timeToSecureConnectionStart,avg_queueDuration,avg_webAppDuration,Req_Count,pecnt_duration,pecnt_jsDuration,pecnt_timeToDomComplete,pecnt_timeToConnectEnd,pecnt_timeToConnectStart,pecnt_timeToDomComplete,pecnt_timeToDomContentLoadedEventEnd,pecnt_timeToDomContentLoadedEventStart,pecnt_timeToDomInteractive,pecnt_timeToDomLoading,pecnt_timeToDomainLookupEnd,pecnt_timeToDomainLookupStart,pecnt_timeToFetchStart,pecnt_timeToLoadEventEnd,pecnt_timeToLoadEventStart,pecnt_timeToRequestStart,pecnt_timeToResponseEnd,pecnt_timeToResponseStart,pecnt_timeToSecureConnectionStart,pecnt_queueDuration,pecnt_webAppDuration
0,Safari,iPhone,Mobile,GB,1.7024,0.406777778,3.677,0.071,0.019,3.677,0.506,0.506,0.506,0.115,0.018,0.001,0,3.694,3.68,0.078,0.253,0.105,0.032,0,0.057,10,1.851,0.52,3.677,0.071,0.019,3.677,0.506,0.506,0.506,0.115,0.018,0.001,0,3.694,3.68,0.078,0.253,0.105,0.032,0,0.057
0,Chrome,Android,Mobile,GB,5.376645161,3.5272,3.012,0.098,0.098,3.012,0.966,0.966,0.966,0.809,0.098,0.098,0.098,3.017,3.014,0.106,0.882,0.784,0,0,0.232,31,7.344,5.313,3.012,0.098,0.098,3.012,0.966,0.966,0.966,0.809,0.098,0.098,0.098,3.017,3.014,0.106,0.882,0.784,0,0,0.232
0,Safari,iPhone,Mobile,GB,4.0005,0.388,6.673,0.269,0.04,6.673,1.937,1.935,1.935,1.027,0.038,0.005,0,6.678,6.674,0.297,1.307,1.015,0.064,0,0.328,2,1.283,0.388,6.673,0.269,0.04,6.673,1.937,1.935,1.935,1.027,0.038,0.005,0,6.678,6.674,0.297,1.307,1.015,0.064,0,0.328
0,Chrome,Windows,Desktop,GB,2.839142857,0.440666667,2.14325,0.533,0.507,2.14325,1.04525,1.04475,1.044,0.80575,0.507,0.507,0.50575,2.154,2.14475,0.536,0.84175,0.7845,1.496,0,0.3105,7,3.993,0.469,1.961,0.367,0.367,1.961,0.607,0.606,0.605,0.41,0.367,0.367,0.367,1.977,1.964,0.371,0.416,0.395,1.496,0,0.326
0,Chrome,Android,Mobile,GB,4.1145,0.935,6.388,0.16,0.093,6.388,1.53,1.529,1.529,0.988,0.093,0.008,0.003,6.422,6.394,0.161,0.98,0.937,0.133,0,0.399,2,1.595,0.935,6.388,0.16,0.093,6.388,1.53,1.529,1.529,0.988,0.093,0.008,0.003,6.422,6.394,0.161,0.98,0.937,0.133,0,0.399
0,Chrome,Mac,Desktop,HK,4.335142857,0.5765,5.707333333,0.117333333,0.101333333,5.707333333,1.514666667,1.514666667,1.511666667,0.701333333,0.101333333,0.100333333,0.012333333,5.721,5.707666667,0.126,0.611,0.598,0.15,0,0.323333333,7,7.217,0.697,6.056,0.106,0.067,6.056,1.519,1.519,1.519,0.772,0.067,0.065,0.011,6.063,6.056,0.11,0.764,0.757,0.071,0,0.269
0,Chrome,Windows,Desktop,GB,4.394818182,0.329,6.9224,0.0532,0.0064,6.9224,2.7608,2.7606,2.7602,0.7024,0.0064,0.0064,0.0058,6.9266,6.9226,0.0588,2.2022,0.6904,0.055,0,0.4342,11,8.134,0.378,8.846,0.004,0.004,8.846,2.89,2.89,2.89,0.779,0.004,0.004,0.004,8.851,8.846,0.014,2.25,0.76,0.055,0,0.441
0,Chrome,Windows,Desktop,GB,4.0481,0.983631579,6.34,0.374,0.318,6.34,1.185,1.184,1.184,0.647,0.318,0.287,0.281,6.344,6.341,0.375,0.69,0.615,0.331,0,0.559,20,5.849,1.468,6.34,0.374,0.318,6.34,1.185,1.184,1.184,0.647,0.318,0.287,0.281,6.344,6.341,0.375,0.69,0.615,0.331,0,0.559
0,Chrome,Windows,Desktop,GB,3.9510625,1.0572,2.816,0.082,0.033,2.816,0.646,0.646,0.646,0.15,0.033,0.009,0.003,2.824,2.817,0.082,0.183,0.112,0.046,0,0.276,16,7.607,1.239,2.816,0.082,0.033,2.816,0.646,0.646,0.646,0.15,0.033,0.009,0.003,2.824,2.817,0.082,0.183,0.112,0.046,0,0.276
0,Chrome,Android,Mobile,GB,12.8727,4.394,14.85175,0.3755,0.1315,14.85175,2.31675,2.31175,2.30625,0.605,0.1315,0.09175,0.01825,14.89025,14.85525,0.4305,0.74875,0.46275,0.3135,0,0.303,10,22.749,4.856,14.152,0.202,0.079,14.152,1.665,1.662,1.662,0.294,0.079,0.031,0.011,14.189,14.156,0.204,0.465,0.257,0.116,0,0.373
0,Chrome,Android,Mobile,GB,4.2878,1.517,4.3345,0.138,0.104,4.3345,0.936,0.9355,0.9355,0.2255,0.104,0.0655,0.062,4.356,4.3365,0.1525,0.1895,0.1635,0.16,0,0.065,5,4.917,1.583,3.976,0.06,0.06,3.976,0.462,0.461,0.461,0.122,0.06,0.06,0.06,4.004,3.98,0.068,0.076,0.069,0.16,0,0.065
0,Chrome,Mac,Desktop,GB,5.823416667,1.382777778,4.638333333,0.014,0.014,4.638333333,1.538,1.538,1.538,0.901666667,0.014,0.014,0.014,4.645333333,4.638666667,0.139,0.887333333,0.863333333,0,0,0.686,12,7.705,1.868,3.371,0.008,0.008,3.371,1.433,1.433,1.433,0.963,0.008,0.008,0.008,3.384,3.371,0.129,0.958,0.949,0,0,0.768
0,Chrome,Android,Mobile,GB,4.177285714,1.952666667,0,0,0,0,0,0,0,0,0,0,0,0,0,0,0,0,0,0,0,21,4.599,2.286,0,0,0,0,0,0,0,0,0,0,0,0,0,0,0,0,0,0,0
0,Chrome,Linux,Desktop,GB,3.535142857,0.7656,5.0275,0.0575,0.047,5.0275,0.921,0.921,0.92,0.5465,0.047,0.047,0.0415,5.0415,5.028,0.063,0.531,0.5065,0.059,0,0.428,7,6.421,0.908,4.108,0.035,0.035,4.108,0.641,0.641,0.639,0.102,0.035,0.035,0.035,4.127,4.108,0.044,0.125,0.094,0.059,0,0.25
0,Safari,iPhone,Mobile,GB,6.098,0,6.0285,0.3565,0.064,6.0285,1.8615,1.8615,1.8615,1.5125,0.062,0.0375,0,6.0475,6.0285,0.362,1.6625,1.4755,0.092,0,0.4785,2,4.904,0,4.818,0.245,0.038,4.818,1.802,1.802,1.802,1.46,0.036,0.01,0,4.849,4.818,0.246,1.566,1.427,0.06,0,0.425
0,Chrome,Android,Mobile,GB,2.2127,0.904222222,6.503,0.171,0.052,6.503,0.747,0.747,0.746,0.309,0.052,0.052,0.028,6.568,6.51,0.212,0.436,0.287,0.083,0,0.095,10,2.503,1.176,6.503,0.171,0.052,6.503,0.747,0.747,0.746,0.309,0.052,0.052,0.028,6.568,6.51,0.212,0.436,0.287,0.083,0,0.095
0,Chrome,Android,Mobile,GB,3.279761905,1.77015,3.983,0.017,0.017,3.983,0.709,0.708,0.708,0.132,0.017,0.017,0.017,4.039,3.984,0.028,0.204,0.103,0,0,0.463,21,5.654,3.065,3.983,0.017,0.017,3.983,0.709,0.708,0.708,0.132,0.017,0.017,0.017,4.039,3.984,0.028,0.204,0.103,0,0,0.463
0,Chrome,Windows,Desktop,GB,7.00825,2.861,12.047,0.665,0.421,12.047,2.62,2.619,2.619,1.352,0.421,0.421,0.416,12.092,12.047,0.667,0.839,0.71,0.446,0,0.23,4,6.189,2.996,12.047,0.665,0.421,12.047,2.62,2.619,2.619,1.352,0.421,0.421,0.416,12.092,12.047,0.667,0.839,0.71,0.446,0,0.23
0,Chrome,Android,Mobile,GB,2.901111111,0.73,6.505,0.062,0.036,6.505,1.349,1.348,1.348,0.961,0.036,0.022,0.016,6.513,6.505,0.063,1.005,0.806,0.04,0,0.272,9,5.22,0.901,6.505,0.062,0.036,6.505,1.349,1.348,1.348,0.961,0.036,0.022,0.016,6.513,6.505,0.063,1.005,0.806,0.04,0,0.272
0,Chrome,Windows,Desktop,GB,2.994833333,0.5636,3.27,0.281,0.281,3.27,0.735,0.735,0.735,0.327,0.281,0.281,0.281,3.28,3.271,0.283,0.314,0.287,0,0,0.373,6,3.79,0.782,3.27,0.281,0.281,3.27,0.735,0.735,0.735,0.327,0.281,0.281,0.281,3.28,3.271,0.283,0.314,0.287,0,0,0.373
0,Chrome,Android,Mobile,GB,7.1855,1.483,10.942,0.019,0.019,10.942,0.342,0.341,0.341,0.179,0.019,0.019,0.019,10.961,10.945,0.044,0.086,0.064,0,0,0.063,2,2.559,1.483,10.942,0.019,0.019,10.942,0.342,0.341,0.341,0.179,0.019,0.019,0.019,10.961,10.945,0.044,0.086,0.064,0,0,0.063
0,Chrome,Linux,Desktop,GB,4.145,0,3.636,0.157,0.116,3.636,0.61,0.61,0.61,0.177,0.116,0.116,0.089,3.64,3.637,0.159,0.185,0.169,0.116,0,0.244,1,4.145,0,3.636,0.157,0.116,3.636,0.61,0.61,0.61,0.177,0.116,0.116,0.089,3.64,3.637,0.159,0.185,0.169,0.116,0,0.244
0,Safari,Mac,Desktop,GB,20.67516667,2.117,22.4258,0.0482,0.0142,22.4258,3.2198,2.7464,2.7462,1.0788,0.0142,0.0096,0,22.443,22.4274,0.1042,1.902,0.9326,0.097,0,0.3736,6,20.515,2.117,19.127,0,0,19.127,3.341,2.783,2.782,1.165,0,0,0,19.152,19.128,0.166,2.048,1.013,0.097,0,0.385
0,Chrome,Mac,Desktop,GB,3.123285714,0,3.115428571,0.020571429,0.016714286,3.115428571,1.353857143,1.353142857,1.352428571,0.912857143,0.016714286,0.016714286,0.013428571,3.123857143,3.115571429,0.026428571,0.960571429,0.896428571,0.010333333,0,0.590428571,7,3.587,0,3.57,0.028,0.028,3.57,1.645,1.644,1.639,1.094,0.028,0.028,0.028,3.579,3.57,0.034,1.179,1.083,0.01,0,0.649
0,Chrome,Android,Mobile,GB,2.6535,1.187894737,7.902,0.02,0.02,7.902,0.515,0.514,0.514,0.202,0.02,0.02,0.02,7.937,7.902,0.043,0.059,0.05,0,0,0.251,20,3.264,1.6,7.902,0.02,0.02,7.902,0.515,0.514,0.514,0.202,0.02,0.02,0.02,7.937,7.902,0.043,0.059,0.05,0,0,0.251
0,Safari,iPhone,Mobile,GB,11.666,0,11.486,0.509,0.058,11.486,2.519,2.518,2.518,1.398,0.057,0.051,0,11.494,11.487,0.51,1.415,0.726,0.087,0,0.073,1,11.666,0,11.486,0.509,0.058,11.486,2.519,2.518,2.518,1.398,0.057,0.051,0,11.494,11.487,0.51,1.415,0.726,0.087,0,0.073
0,Chrome,Windows,Desktop,IE,3.234521739,0.729315789,2.06125,0.009,0.009,2.06125,0.9,0.8995,0.89925,0.709,0.009,0.009,0.009,2.066,2.062,0.013,0.736,0.65825,0,0,0.35975,23,4.084,1.091,2.277,0.008,0.008,2.277,1.112,1.112,1.112,0.983,0.008,0.008,0.008,2.283,2.278,0.01,0.964,0.933,0,0,0.314
0,Chrome,Windows,Desktop,GB,4.828,0.3265,11.745,0.006,0.006,11.745,0.221,0.221,0.22,0.025,0.006,0.006,0.006,11.752,11.745,0.008,0.014,0.008,0,0,0.304,3,1.589,0.275,11.745,0.006,0.006,11.745,0.221,0.221,0.22,0.025,0.006,0.006,0.006,11.752,11.745,0.008,0.014,0.008,0,0,0.304
0,Chrome,Android,Mobile,GB,4.4825,1.541285714,5.754,0.093,0.031,5.754,0.655,0.655,0.654,0.144,0.031,0.007,0.002,5.766,5.754,0.094,0.184,0.129,0.054,0,0.369,8,5.82,1.694,5.754,0.093,0.031,5.754,0.655,0.655,0.654,0.144,0.031,0.007,0.002,5.766,5.754,0.094,0.184,0.129,0.054,0,0.369
0,Chrome,Windows,Desktop,GR,3.835890625,0.4874,3.383705882,0.017941176,0.010529412,3.383705882,1.344911765,1.344823529,1.344647059,1.003558824,0.010529412,0.006352941,0.005882353,3.387588235,3.384205882,0.038794118,1.107676471,0.996794118,0.149,0,0.591705882,64,6.082,0.787,5.771,0.009,0.009,5.771,1.707,1.707,1.707,1.32,0.009,0.009,0.009,5.775,5.772,0.027,1.481,1.315,0.136,0,0.603
0,Chrome,Windows,Desktop,GB,3.578,0.868,3.676,0.044,0.005,3.676,0.795,0.795,0.795,0.33,0.005,0.005,0.001,3.68,3.677,0.046,0.383,0.323,0.012,0,0.394,2,2.868,0.868,3.676,0.044,0.005,3.676,0.795,0.795,0.795,0.33,0.005,0.005,0.001,3.68,3.677,0.046,0.383,0.323,0.012,0,0.394
0,Chrome,Windows,Desktop,GB,3.322,0,2.9165,0.03475,0.024,2.9165,1.39075,1.39,1.38975,1.0735,0.024,0.01725,0.009,2.92875,2.9175,0.0375,1.11625,1.0655,0.044,0,0.60075,4,3.404,0,2.997,0.047,0.037,2.997,1.452,1.45,1.45,1.16,0.037,0.022,0.009,3.013,2.998,0.047,1.195,1.154,0.042,0,0.605
0,Chrome,Mac,Desktop,GB,3.476071429,0,3.465357143,0.020571429,0.016,3.465357143,1.312857143,1.312428571,1.312214286,0.876,0.016,0.016,0.011214286,3.475928571,3.465357143,0.030714286,0.886714286,0.858928571,0.02325,0,0.587928571,14,4.039,0,4.031,0.04,0.037,4.031,1.437,1.437,1.437,0.937,0.037,0.037,0.023,4.041,4.031,0.053,0.922,0.908,0.031,0,0.578
0,Chrome,Windows,Desktop,GB,2.936888889,0.479333333,2.697,0.040666667,0.030333333,2.697,0.687666667,0.687333333,0.687333333,0.45,0.006,0.006,0.006,2.706666667,2.697,0.045333333,0.436,0.410666667,0.094,0,0.374666667,9,4.366,0.627,2.74,0.008,0.008,2.74,0.504,0.504,0.504,0.186,0.005,0.005,0.005,2.747,2.74,0.018,0.215,0.178,0.094,0,0.28
0,Chrome,Windows,Desktop,GB,3.606333333,0.936666667,0,0,0,0,0,0,0,0,0,0,0,0,0,0,0,0,0,0,0,3,4.276,0.921,0,0,0,0,0,0,0,0,0,0,0,0,0,0,0,0,0,0,0
0,Chrome,Windows,Desktop,GB,2.331875,0.118,3.62925,0.00525,0.00525,3.62925,0.666,0.6655,0.66475,0.37775,0.00525,0.00525,0.00525,3.68025,3.6295,0.009,0.39225,0.36225,0,0,0.37,8,3.084,0.172,3.015,0.007,0.007,3.015,0.856,0.855,0.855,0.574,0.007,0.007,0.007,3.055,3.016,0.011,0.626,0.555,0,0,0.327
0,IE,Windows,Desktop,GB,5.739,0,5.561,0.058,0.058,5.561,1.685,1.685,1.684,0.896,0.058,0.058,0.058,5.573,5.561,0.058,0.929,0.058,0,0,0.437,1,5.739,0,5.561,0.058,0.058,5.561,1.685,1.685,1.684,0.896,0.058,0.058,0.058,5.573,5.561,0.058,0.929,0.058,0,0,0.437
0,Chrome,Mac,Desktop,GB,1.743266667,0.111461538,2.507,0.076,0.044,2.507,1.3785,1.3785,1.3775,1.0645,0.044,0.011,0.0065,2.518,2.507,0.0805,1.0785,1.0545,0.096,0,0.303,15,3.394,0.158,2.328,0.006,0.006,2.328,1.316,1.316,1.315,1.037,0.006,0.006,0.006,2.34,2.328,0.015,1.05,1.029,0.096,0,0.277
0,Chrome,Mac,Desktop,GB,2.9875,0,2.9785,0.025166667,0.019833333,2.9785,1.167333333,1.167,1.166833333,0.773833333,0.019833333,0.019833333,0.016833333,2.987583333,2.978583333,0.031583333,0.804083333,0.758833333,0.01575,0,0.482083333,12,3.427,0,3.406,0.051,0.041,3.406,1.38,1.38,1.379,1.01,0.041,0.041,0.025,3.437,3.407,0.059,1.038,0.998,0.007,0,0.578
0,Chrome,Linux,Desktop,DE,5.056,0,4.669,0.099,0.073,4.669,0.555,0.555,0.554,0.131,0.073,0.063,0.06,4.675,4.669,0.102,0.181,0.127,0.074,0,0.25,1,5.056,0,4.669,0.099,0.073,4.669,0.555,0.555,0.554,0.131,0.073,0.063,0.06,4.675,4.669,0.102,0.181,0.127,0.074,0,0.25
0,Chrome,Google Chrome OS,Desktop,GB,5.235666667,1.5565,7.321,0.871,0.732,7.321,2.797,2.796,2.796,1.947,0.732,0.694,0.689,7.335,7.321,0.871,1.923,1.781,0.773,0,0.281,3,4.548,1.525,7.321,0.871,0.732,7.321,2.797,2.796,2.796,1.947,0.732,0.694,0.689,7.335,7.321,0.871,1.923,1.781,0.773,0,0.281
0,Microsoft Edge,Windows,Desktop,GB,4.088181818,1.406111111,5.4295,0.1575,0.031,5.4295,3.4575,3.446,3.4445,0.784,0.0305,0.016,0.0045,5.434,5.4305,0.1575,0.7915,0.784,0.042,0,0.45,11,4.551,1.756,3.848,0.125,0.03,3.848,2.696,2.682,2.68,0.304,0.029,0.015,0.003,3.852,3.848,0.125,0.31,0.304,0.042,0,0.256
0,Chrome,Windows,Desktop,GB,2.46425,1.05925,0,0,0,0,0,0,0,0,0,0,0,0,0,0,0,0,0,0,0,4,2.322,1.133,0,0,0,0,0,0,0,0,0,0,0,0,0,0,0,0,0,0,0
0,Safari,iPhone,Mobile,IE,9.457,0,8.9115,0.1105,0.009,8.9115,0.966,0.9645,0.964,0.548,0.0085,0.001,0,8.924,8.9125,0.125,0.601,0.1965,0.119,0,0.075,2,8.547,0,8.2,0,0,8.2,0.771,0.768,0.768,0.404,0,0,0,8.22,8.201,0.027,0.455,0.14,0.119,0,0.062
0,Chrome,Android,Mobile,IE,4.476666667,1.9145,5.67,0.038,0.038,5.67,0.831,0.83,0.83,0.32,0.038,0.038,0.038,5.691,5.671,0.054,0.328,0.276,0,0,0.078,3,3.661,1.771,5.67,0.038,0.038,5.67,0.831,0.83,0.83,0.32,0.038,0.038,0.038,5.691,5.671,0.054,0.328,0.276,0,0,0.078
0,Chrome,Mac,Desktop,GB,2.0828,0.575571429,8.799,0.005,0.005,8.799,4.954,4.954,4.954,0.014,0.005,0.005,0.005,8.803,8.799,0.007,0.01,0.007,0,0,0.272,15,2.26,0.767,8.799,0.005,0.005,8.799,4.954,4.954,4.954,0.014,0.005,0.005,0.005,8.803,8.799,0.007,0.01,0.007,0,0,0.272
0,Chrome,Android,Mobile,GB,2.152428571,0.899166667,3.678,0.109,0.046,3.678,0.604,0.603,0.603,0.325,0.046,0.024,0.01,3.685,3.679,0.11,0.281,0.239,0.07,0,0.391,7,2.591,1.251,3.678,0.109,0.046,3.678,0.604,0.603,0.603,0.325,0.046,0.024,0.01,3.685,3.679,0.11,0.281,0.239,0.07,0,0.391
0,Chrome,Android,Tablet,GR,11.803,0,11.731,0.497,0.318,11.731,3.638,3.637,3.637,2.807,0.318,0.048,0.012,11.744,11.731,0.498,2.89,2.746,0.378,0,1.738,1,11.803,0,11.731,0.497,0.318,11.731,3.638,3.637,3.637,2.807,0.318,0.048,0.012,11.744,11.731,0.498,2.89,2.746,0.378,0,1.738
0,Safari,Mac,Desktop,US,4.107666667,0,3.972333333,0.165666667,0.070333333,3.972333333,0.735,0.734666667,0.734333333,0.506,0.070333333,0.070333333,0.070333333,3.979,3.973666667,0.096,0.560666667,0.379333333,0.328,0,0.332,3,4.869,0,4.6,0,0,4.6,0.837,0.837,0.836,0.51,0,0,0,4.608,4.6,0.002,0.592,0.307,0.328,0,0.297
0,Chrome,Android,Mobile,GB,12.875,0,12.2095,0.3285,0.1785,12.2095,1.613,1.612,1.612,1.097,0.1785,0.129,0.0925,12.2245,12.212,0.3305,1.192,0.962,0.2215,0,0.3165,2,12.424,0,11.72,0.325,0.135,11.72,1.543,1.542,1.542,1.034,0.135,0.053,0.018,11.735,11.723,0.326,1.11,0.82,0.178,0,0.184
0,Chrome,Android,Mobile,GB,3.384444444,1.57725,6.286,0.012,0.012,6.286,1.79,1.789,1.789,0.514,0.012,0.012,0.012,6.296,6.288,0.02,0.799,0.491,0,0,0.379,9,3.456,1.777,6.286,0.012,0.012,6.286,1.79,1.789,1.789,0.514,0.012,0.012,0.012,6.296,6.288,0.02,0.799,0.491,0,0,0.379
0,Chrome,Windows,Desktop,GB,6.849,0,6.009,0.071,0.04,6.009,0.661,0.661,0.661,0.214,0.04,0.016,0.009,6.021,6.009,0.071,0.263,0.192,0.05,0,0.479,1,6.849,0,6.009,0.071,0.04,6.009,0.661,0.661,0.661,0.214,0.04,0.016,0.009,6.021,6.009,0.071,0.263,0.192,0.05,0,0.479
0,Chrome,Windows,Desktop,GB,4.869222222,1.759875,13.905,0.516,0.366,13.905,3.449,3.448,3.448,1.544,0.366,0.366,0.001,13.934,13.908,0.524,1.579,1.516,0.447,0,0.434,9,5.047,2.062,13.905,0.516,0.366,13.905,3.449,3.448,3.448,1.544,0.366,0.366,0.001,13.934,13.908,0.524,1.579,1.516,0.447,0,0.434
0,Chrome,Windows,Desktop,GB,4.913,3.065333333,0,0,0,0,0,0,0,0,0,0,0,0,0,0,0,0,0,0,0,3,5.215,2.687,0,0,0,0,0,0,0,0,0,0,0,0,0,0,0,0,0,0,0
0,IE,Windows,Desktop,GB,3.1425,1.19575,3.343,0.0005,0.0005,3.343,1.1845,1.1845,1.1845,0.5365,0.0005,0.0005,0.0005,3.3595,3.3515,0.5365,0.5875,0.5365,0,0,0.529,6,3.507,1.454,2.68,0,0,2.68,0.643,0.643,0.643,0,0,0,0,2.688,2.682,0,0.014,0,0,0,0.526
0,Firefox,Windows,Desktop,IN,9.538,0,9.214,1.181,0.197,9.214,2.564,2.564,2.564,1.237,0.197,0.187,0,9.221,9.214,1.182,1.249,1.228,0.199,0,0.412,1,9.538,0,9.214,1.181,0.197,9.214,2.564,2.564,2.564,1.237,0.197,0.187,0,9.221,9.214,1.182,1.249,1.228,0.199,0,0.412
0,Safari,iPhone,Mobile,US,18.587,0,17.684,0.207,0.01,17.684,1.6,1.6,1.6,0.896,0.006,0.006,0.006,17.69,17.684,0.208,0.893,0.89,0.201,0,0.166,1,18.587,0,17.684,0.207,0.01,17.684,1.6,1.6,1.6,0.896,0.006,0.006,0.006,17.69,17.684,0.208,0.893,0.89,0.201,0,0.166
0,Chrome,Mac,Desktop,GB,2.634,1.292,0,0,0,0,0,0,0,0,0,0,0,0,0,0,0,0,0,0,0,1,2.634,1.292,0,0,0,0,0,0,0,0,0,0,0,0,0,0,0,0,0,0,0
0,Chrome,Android,Mobile,GB,2.164298851,0.858541176,2.5485,0.044,0.028,2.5485,0.7045,0.704,0.7035,0.5325,0.028,0.028,0.025,2.5555,2.5495,0.046,0.547,0.514,0.046,0,0.505,87,3.802,1.572,1.775,0.024,0.024,1.775,0.18,0.18,0.179,0.034,0.024,0.024,0.024,1.784,1.776,0.028,0.031,0.029,0.046,0,0.505
0,Chrome,Mac,Desktop,GB,3.299,0,3.292,0.023,0.014,3.292,1.255,1.254,1.254,0.7645,0.014,0.014,0.0115,3.3005,3.292,0.0265,0.7795,0.7365,0.026,0,0.5095,2,3.192,0,3.189,0.004,0.004,3.189,1.197,1.196,1.196,0.705,0.004,0.004,0.004,3.193,3.189,0.011,0.742,0.685,0.026,0,0.477
0,Chrome,Android,Mobile,GB,4.062666667,1.06,13.313,0.363,0.248,13.313,1.294,1.293,1.293,0.818,0.248,0.011,0.007,13.33,13.316,0.363,0.814,0.476,0.294,0,0.075,9,3.679,1.207,13.313,0.363,0.248,13.313,1.294,1.293,1.293,0.818,0.248,0.011,0.007,13.33,13.316,0.363,0.814,0.476,0.294,0,0.075
0,Chrome,Android,Mobile,GB,2.976666667,0.5665,3.1965,0.1745,0.1525,3.1965,0.963,0.9625,0.96225,0.78275,0.1525,0.13025,0.12725,3.20825,3.198,0.17825,0.79875,0.7725,0.081,0,0.34625,6,3.693,0.363,3.517,0.147,0.094,3.517,1.321,1.32,1.32,1.067,0.094,0.021,0.021,3.544,3.52,0.15,1.098,1.055,0.05,0,0.363
0,Chrome,Windows,Desktop,GB,11.34,0,11.018,0.175,0.084,11.018,2.191,2.191,2.19,0.974,0.084,0.084,0.01,11.195,11.018,0.179,1.056,0.959,0.142,0,0.403,1,11.34,0,11.018,0.175,0.084,11.018,2.191,2.191,2.19,0.974,0.084,0.084,0.01,11.195,11.018,0.179,1.056,0.959,0.142,0,0.403
0,Chrome,Android,Mobile,CO,2.3163,0.545,7.713,0.7545,0.6785,7.713,2.9095,2.909,2.909,2.3285,0.6785,0.6785,0.669,7.7465,7.7165,0.763,2.347,2.272,1.383,0,0.6865,10,7.139,1.286,7.055,0.008,0.008,7.055,2.267,2.266,2.266,1.669,0.008,0.008,0.008,7.081,7.055,0.022,1.667,1.589,1.383,0,0.543
0,Chrome,Windows,Desktop,GB,3.862033333,0.414240741,20.27133333,0.004333333,0.004333333,20.27133333,1.208666667,1.206666667,1.2065,0.8925,0.004333333,0.004333333,0.004333333,20.29483333,20.27133333,0.0155,0.940833333,0.882666667,0,0,0.481166667,60,5.501,0.51,24.075,0.005,0.005,24.075,1.223,1.221,1.221,0.925,0.005,0.005,0.005,24.106,24.075,0.016,0.965,0.919,0,0,0.539
0,Chrome,Android,Mobile,GB,6.058,2.21016,9.244,0.249,0.048,9.244,1.622,1.621,1.621,0.519,0.048,0.044,0.019,9.307,9.247,0.25,0.462,0.363,0.081,0,0.051,26,8.611,3.822,9.244,0.249,0.048,9.244,1.622,1.621,1.621,0.519,0.048,0.044,0.019,9.307,9.247,0.25,0.462,0.363,0.081,0,0.051
0,Chrome,Android,Mobile,GB,3.631307692,0.992888889,6.189,0.21175,0.11575,6.189,1.15225,1.15125,1.15125,0.39525,0.11575,0.04925,0.04475,6.20175,6.19075,0.21825,0.5685,0.32275,0.478,0,0.498,13,5.883,1.407,4.781,0.038,0.038,4.781,0.572,0.571,0.571,0.07,0.038,0.038,0.038,4.792,4.782,0.046,0.14,0.048,0.478,0,0.498
0,Chrome,Mac,Desktop,GB,5.211333333,1.4645,7.639,1.098,1.098,7.639,1.833,1.833,1.832,1.293,1.098,1.098,1.098,7.644,7.639,1.102,1.317,1.136,0,0,0.252,3,4.489,1.215,7.639,1.098,1.098,7.639,1.833,1.833,1.832,1.293,1.098,1.098,1.098,7.644,7.639,1.102,1.317,1.136,0,0,0.252
0,Chrome,Android,Mobile,ES,2.2445,0.816571429,6.657,0.164,0.088,6.657,2.181,2.181,2.181,1.488,0.088,0.077,0.068,6.685,6.657,0.168,1.497,1.424,0.109,0,0.869,8,2.64,1.202,6.657,0.164,0.088,6.657,2.181,2.181,2.181,1.488,0.088,0.077,0.068,6.685,6.657,0.168,1.497,1.424,0.109,0,0.869
0,Chrome,Android,Mobile,GB,8.48,2.316,9.655,0.1255,0.0635,9.655,2.174,2.174,2.173,1.092,0.0635,0.028,0.0175,9.6835,9.657,0.1665,1.023,0.98,0.133,0,0.5105,3,10.457,2.316,8.93,0.015,0.015,8.93,1.502,1.502,1.501,1.019,0.015,0.015,0.015,8.972,8.934,0.088,0.928,0.902,0.133,0,0.496
0,Safari,Mac,Desktop,GB,4.073541667,0.65045,13.757,10.2965,10.2575,13.757,11.28825,11.28825,11.288,11.1745,10.257,10.24,0,13.76125,13.7575,7.11325,11.2405,11.153,20.5425,0,0.5105,24,3.633,0.86,15.586,12.738,12.657,15.586,14.071,14.071,14.071,13.994,12.656,12.635,0,15.591,15.587,0.002,14.057,13.969,12.684,0,0.675
0,Chrome,Mac,Desktop,GB,4.81825,1.534666667,5.509,0.137,0.063,5.509,1.038,1.038,1.038,0.191,0.063,0.025,0.015,5.526,5.51,0.138,0.269,0.179,0.077,0,0.24,4,5.581,1.381,5.509,0.137,0.063,5.509,1.038,1.038,1.038,0.191,0.063,0.025,0.015,5.526,5.51,0.138,0.269,0.179,0.077,0,0.24
0,Chrome,Mac,Desktop,GB,3.472833333,0,3.3555,0.039,0.0305,3.3555,1.202333333,1.201666667,1.201333333,0.6975,0.0305,0.0305,0.025833333,3.3625,3.3555,0.049666667,0.7355,0.674333333,0.022666667,0,0.6465,6,4.157,0,4.148,0.054,0.041,4.148,1.504,1.502,1.502,0.991,0.041,0.041,0.041,4.165,4.148,0.07,1.155,0.965,0.023,0,0.764
0,Chrome,Mac,Desktop,GB,2.7573,0.39975,2.9785,0.016,0.004,2.9785,1.2955,1.294,1.294,0.584,0.004,0.004,0.0035,2.989,2.9795,0.0225,0.9745,0.5755,0.013,0,0.4555,10,3.897,0.482,2.762,0.006,0.002,2.762,0.297,0.294,0.294,0.025,0.002,0.002,0.001,2.768,2.763,0.019,0.023,0.02,0.013,0,0.355
0,Chrome,Android,Mobile,CN,18.053,0,17.799,0.263,0.004,17.799,1.444,1.444,1.444,1.226,0.001,0.001,0.001,17.801,17.799,0.263,1.43,1.223,0.112,0,0.409,1,18.053,0,17.799,0.263,0.004,17.799,1.444,1.444,1.444,1.226,0.001,0.001,0.001,17.801,17.799,0.263,1.43,1.223,0.112,0,0.409
0,Chrome,Android,Mobile,CA,2.7884,0.776,4.114,0.2195,0.1395,4.114,0.798,0.7975,0.7975,0.4905,0.1395,0.1395,0.0125,4.1415,4.114,0.2285,0.527,0.403,0.31,0,0.089,5,2.532,0.965,2.154,0.019,0.019,2.154,0.562,0.561,0.561,0.377,0.019,0.019,0.006,2.184,2.154,0.03,0.436,0.307,0.31,0,0.075
0,Chrome,Android,Mobile,GB,3.358333333,2.028,0,0,0,0,0,0,0,0,0,0,0,0,0,0,0,0,0,0,0,3,2.931,1.699,0,0,0,0,0,0,0,0,0,0,0,0,0,0,0,0,0,0,0
0,Chrome,Android,Mobile,GB,7.42212,3.352913043,21.574,5.4315,5.25,21.574,9.0885,9.0875,9.087,6.328,5.25,5.248,0.213,21.6145,21.5775,5.4415,5.638,5.522,5.288,0,0.0845,25,16.198,3.986,17.712,0.638,0.366,17.712,6.323,6.322,6.321,2.275,0.366,0.363,0.098,17.75,17.712,0.657,0.865,0.738,0.404,0,0.084
0,Chrome,Mac,Desktop,GB,2.586191489,0.84055814,4.563,0.01325,0.0075,4.563,0.7015,0.70125,0.70125,0.15275,0.0075,0.0075,0.00375,4.5785,4.564,0.02075,0.1615,0.04725,0.027,0,0.41775,47,4.438,1.185,4.81,0.008,0.008,4.81,0.626,0.626,0.626,0.126,0.008,0.008,0.004,4.842,4.811,0.02,0.142,0.039,0.027,0,0.423
0,Safari,iPhone,Mobile,GB,3.5865,0.579,5.9215,0.132,0.0015,5.9215,0.711,0.7105,0.7105,0.4185,0.001,0.001,0,5.931,5.9235,0.1325,0.4215,0.1555,0.03,0,0.103,4,4.027,0.526,4.008,0,0,4.008,0.213,0.213,0.213,0.093,0,0,0,4.016,4.011,0,0.092,0,0.03,0,0.103
0,Safari,Mac,Desktop,GB,2.232857143,0.511166667,3.058,0.13,0.046,3.058,0.418,0.418,0.418,0.172,0.046,0.011,0,3.065,3.058,0.132,0.22,0.161,0.053,0,0.299,7,3.126,0.587,3.058,0.13,0.046,3.058,0.418,0.418,0.418,0.172,0.046,0.011,0,3.065,3.058,0.132,0.22,0.161,0.053,0,0.299
0,Chrome,Linux,Desktop,GB,3.070466667,0,2.7434,0.004466667,0.002333333,2.7434,1.43,1.4298,1.4292,1.038866667,0.002333333,0.001266667,0.0004,2.749266667,2.743533333,0.006933333,1.112066667,1.011333333,0.017,0,0.586066667,15,3.765,0,3.254,0.002,0.002,3.254,2.034,2.033,2.027,1.523,0.002,0.001,0.001,3.257,3.254,0.022,1.698,1.44,0.017,0,0.725
0,Chrome,Windows,Desktop,IN,12.958,0,12.801,1.11,0.136,12.801,2.115,2.115,2.114,1.16,0.136,0.12,0,12.813,12.801,1.111,1.175,1.149,0.147,0,0.708,1,12.958,0,12.801,1.11,0.136,12.801,2.115,2.115,2.114,1.16,0.136,0.12,0,12.813,12.801,1.111,1.175,1.149,0.147,0,0.708
0,Chrome,Windows,Desktop,DE,5.084,0.765,5.17,0.0105,0.0105,5.17,0.852,0.8345,0.8345,0.126,0.0105,0.0105,0.0105,5.1915,5.17,0.0205,0.1905,0.099,0,0,0.2795,3,3.748,0.765,3.357,0.002,0.002,3.357,0.831,0.813,0.813,0.054,0.002,0.002,0.002,3.379,3.357,0.008,0.063,0.038,0,0,0.253
0,Chrome,Windows,Desktop,AZ,9.336333333,2.922428571,20.9885,0.011,0.011,20.9885,2.343,2.3415,2.3405,0.896,0.011,0.011,0.011,21.0505,20.989,0.024,1.1995,0.8185,0,0,0.293,9,12.499,3.433,12.431,0.008,0.008,12.431,2.284,2.283,2.281,0.843,0.008,0.008,0.008,12.452,12.432,0.021,0.99,0.756,0,0,0.287
0,Chrome,Android,Mobile,GB,2.625166667,0.666,3.156666667,0.393333333,0.341666667,3.156666667,0.808333333,0.808,0.808,0.590333333,0.341666667,0.334666667,0.329333333,3.167666667,3.158,0.394,0.674,0.570333333,0.358,0,0.444,6,3.28,0.702,3.158,0.378,0.333,3.158,0.793,0.793,0.793,0.592,0.333,0.333,0.329,3.176,3.161,0.378,0.67,0.566,0.348,0,0.441
0,Chrome,Mac,Desktop,IT,1.93,0.543428571,0,0,0,0,0,0,0,0,0,0,0,0,0,0,0,0,0,0,0,7,2.182,0.666,0,0,0,0,0,0,0,0,0,0,0,0,0,0,0,0,0,0,0
0,Chrome,Linux,Desktop,US,2.227,0,1.912333333,0.088666667,0.070666667,1.912333333,0.431,0.431,0.43,0.121333333,0.070666667,0.051,0.050333333,1.915333333,1.912666667,0.09,0.130666667,0.098,0.136,0,0.399,3,2.153,0,1.742,0.045,0.045,1.742,0.316,0.316,0.315,0.071,0.045,0.045,0.045,1.745,1.743,0.047,0.081,0.047,0.136,0,0.399
0,IE,Windows,Desktop,GB,25.846,0,22.795,0.036,0.036,22.795,5.359,5.359,5.358,2.1,0.036,0.036,0.036,23.208,22.91,2.096,2.183,2.1,0,0,0.487,1,25.846,0,22.795,0.036,0.036,22.795,5.359,5.359,5.358,2.1,0.036,0.036,0.036,23.208,22.91,2.096,2.183,2.1,0,0,0.487
0,Chrome,Windows,Desktop,GB,4.6854,1.5255,8.019,0.02,0.02,8.019,0.585,0.585,0.585,0.089,0.02,0.02,0.02,8.054,8.021,0.036,0.066,0.037,0,0,0.252,5,5.452,1.81,8.019,0.02,0.02,8.019,0.585,0.585,0.585,0.089,0.02,0.02,0.02,8.054,8.021,0.036,0.066,0.037,0,0,0.252
0,Safari,iPhone,Mobile,GB,2.246333333,0.248,3.717,0.275,0.038,3.717,0.706,0.705,0.705,0.441,0.037,0.001,0,3.735,3.717,0.29,0.656,0.417,0.068,0,0.078,3,1.56,0.239,3.717,0.275,0.038,3.717,0.706,0.705,0.705,0.441,0.037,0.001,0,3.735,3.717,0.29,0.656,0.417,0.068,0,0.078
0,Chrome,Windows,Desktop,CA,1.570473684,0.324833333,1.448,0.005,0.005,1.448,0.164,0.164,0.164,0.016,0.005,0.005,0.005,1.473,1.448,0.007,0.012,0.008,0,0,0.484,19,1.797,0.372,1.448,0.005,0.005,1.448,0.164,0.164,0.164,0.016,0.005,0.005,0.005,1.473,1.448,0.007,0.012,0.008,0,0,0.484
0,Chrome,Android,Mobile,GB,2.503545455,0.802,3.729666667,0.403,0.374,3.729666667,0.984333333,0.984333333,0.984,0.808666667,0.374,0.370333333,0.366333333,3.750333333,3.731333333,0.417,0.726666667,0.690666667,0.057,0,0.290666667,11,3.323,1.187,3.864,0.113,0.026,3.864,0.687,0.687,0.686,0.443,0.026,0.015,0.006,3.892,3.866,0.113,0.208,0.154,0.057,0,0.219
0,Chrome,Android,Mobile,GB,3.743,2.115,0,0,0,0,0,0,0,0,0,0,0,0,0,0,0,0,0,0,0,1,3.743,2.115,0,0,0,0,0,0,0,0,0,0,0,0,0,0,0,0,0,0,0
0,Chrome,Android,Mobile,GB,2.557833333,0.90725,3.6585,0.2895,0.1535,3.6585,1.2285,1.228,1.2275,0.8395,0.1535,0.1045,0.0105,3.669,3.661,0.29,0.899,0.792,0.207,0,0.492,6,3.306,0.827,3.103,0.224,0.108,3.103,0.971,0.971,0.97,0.452,0.108,0.054,0.007,3.113,3.106,0.225,0.545,0.437,0.151,0,0.487
0,Chrome,Mac,Desktop,GB,3.5332,0,3.524,0.0246,0.0185,3.524,1.4389,1.4387,1.4383,0.9608,0.0185,0.0185,0.015,3.5334,3.5241,0.0287,1.0022,0.9402,0.01875,0,0.5159,10,4.076,0,4.051,0.06,0.045,4.051,1.671,1.671,1.67,1.11,0.045,0.045,0.03,4.078,4.051,0.064,1.172,1.096,0.015,0,0.711
0,Chrome,Mac,Desktop,GB,3.0815,0,3.073166667,0.03275,0.03075,3.073166667,1.426833333,1.425666667,1.425583333,1.099583333,0.03075,0.03075,0.029416667,3.08375,3.073166667,0.038083333,1.139833333,1.087666667,0.031,0,0.593583333,12,3.425,0,3.406,0.048,0.042,3.406,1.631,1.63,1.63,1.286,0.042,0.042,0.039,3.432,3.406,0.055,1.351,1.275,0.016,0,0.634
0,Chrome,Mac,Desktop,GB,3.678,0,3.6685,0.0625,0.0395,3.6685,1.6635,1.6635,1.6635,1.0235,0.0395,0.0395,0.0295,3.6795,3.6685,0.063,1.1175,1.011,0.0415,0,0.554,2,3.499,0,3.493,0.028,0.011,3.493,1.524,1.524,1.524,0.994,0.011,0.011,0.001,3.501,3.493,0.028,1.045,0.982,0.013,0,0.531
0,Microsoft Edge,Windows,Desktop,GB,13.9725,4.245,10.344,0.715,0.569,10.344,3.093,3.092,3.092,1.258,0.5,0.5,0.5,10.36,10.347,0.717,1.709,1.258,0.624,0,0.286,2,12.517,4.245,10.344,0.715,0.569,10.344,3.093,3.092,3.092,1.258,0.5,0.5,0.5,10.36,10.347,0.717,1.709,1.258,0.624,0,0.286
0,Safari,iPhone,Mobile,GB,3.943,0,3.902,0.068,0.015,3.902,0.595,0.595,0.595,0.365,0.015,0.003,0,3.922,3.902,0.09,0.45,0.213,0.026,0,0.126,1,3.943,0,3.902,0.068,0.015,3.902,0.595,0.595,0.595,0.365,0.015,0.003,0,3.922,3.902,0.09,0.45,0.213,0.026,0,0.126
0,Chrome,Android,Mobile,DE,4.37,0,4.0635,0.273,0.17,4.0635,1.367,1.3665,1.3665,0.9805,0.17,0.1525,0.143,4.084,4.0665,0.2775,1.048,0.9415,0.1915,0,0.4025,2,4.109,0,3.83,0.218,0.145,3.83,1.143,1.143,1.143,0.926,0.145,0.145,0.137,3.849,3.833,0.22,1.002,0.881,0.161,0,0.391
0,Chrome,Android,Mobile,GB,131.417,0,128.065,0.196,0.093,128.065,1.58,1.579,1.579,1.226,0.093,0.028,0.016,128.12,128.065,0.196,1.115,0.999,0.148,0,0.475,1,131.417,0,128.065,0.196,0.093,128.065,1.58,1.579,1.579,1.226,0.093,0.028,0.016,128.12,128.065,0.196,1.115,0.999,0.148,0,0.475
0,Chrome,Android,Mobile,GB,2.057304348,0.59995,4.776,0.012,0.012,4.776,0.856,0.855333333,0.855,0.601666667,0.012,0.012,0.012,4.785333333,4.778666667,0.020666667,0.662333333,0.535,0,0,0.234666667,23,3.233,0.766,4.306,0.008,0.008,4.306,0.65,0.649,0.649,0.417,0.008,0.008,0.008,4.314,4.308,0.016,0.507,0.361,0,0,0.111
0,Chrome,Android,Mobile,GB,4.27825,0,3.94425,0.26875,0.228,3.94425,0.655,0.655,0.6545,0.3565,0.228,0.203,0.19675,3.95975,3.9465,0.27225,0.359,0.325,0.23875,0,0.30575,4,4.155,0,4.083,0.323,0.265,4.083,0.715,0.715,0.714,0.397,0.265,0.23,0.222,4.094,4.085,0.33,0.391,0.362,0.277,0,0.179
0,Safari,iPhone,Mobile,GB,7.0545,0,7.007,0.1815,0.041,7.007,0.645,0.6445,0.644,0.4025,0.0385,0.0075,0,7.0255,7.016,0.1895,0.507,0.3755,0.0645,0,0.217,2,5.357,0,5.329,0.114,0.036,5.329,0.483,0.483,0.482,0.322,0.032,0.004,0,5.339,5.329,0.115,0.469,0.31,0.06,0,0.067
0,Chrome,Windows,Desktop,GB,2.4735,0.48,3.786,0.27,0.024,3.786,1.361,1.361,1.361,1.229,0.004,0.004,0.004,3.796,3.786,0.27,1.337,1.223,0.189,0,0.637,14,2.595,0.511,3.786,0.27,0.024,3.786,1.361,1.361,1.361,1.229,0.004,0.004,0.004,3.796,3.786,0.27,1.337,1.223,0.189,0,0.637
0,Safari,iPhone,Mobile,GB,3.3785,0.392,5.291,0.141,0.022,5.291,0.835,0.834,0.834,0.463,0.02,0.003,0,5.325,5.291,0.153,0.5,0.415,0.033,0,0.137,2,1.408,0.392,5.291,0.141,0.022,5.291,0.835,0.834,0.834,0.463,0.02,0.003,0,5.325,5.291,0.153,0.5,0.415,0.033,0,0.137
0,Chrome,Android,Mobile,GB,12.396,3.242333333,30.347,2.825,1.055,30.347,13.352,13.35,13.349,7.669,1.055,0.053,0.028,30.391,30.35,2.826,8.396,7.596,1.201,0,0.063,4,7.943,3.015,30.347,2.825,1.055,30.347,13.352,13.35,13.349,7.669,1.055,0.053,0.028,30.391,30.35,2.826,8.396,7.596,1.201,0,0.063
0,Chrome,Windows,Desktop,NP,15.73783333,0.678,16.5878,1.1966,1.0884,16.5878,3.778,3.7694,3.7692,2.5808,1.0884,1.0884,1.0318,16.6348,16.5894,1.1998,2.7334,2.27,2.354,0,0.54,6,24.964,0.678,22.469,2.034,1.779,22.469,4.281,4.277,4.276,3.601,1.779,1.779,1.774,22.534,22.47,2.035,3.851,2.883,1.907,0,0.733
0,Chrome,Android,Mobile,GB,6.939583333,2.447,17.5715,1.4015,1.2985,17.5715,2.9425,2.9425,2.942,2.06,1.2985,1.2985,1.287,17.58,17.574,1.406,2.1025,1.479,2.377,0,0.2555,12,6.769,3.153,5.897,0.277,0.277,5.897,2.064,2.064,2.063,1.3,0.277,0.277,0.277,5.904,5.899,0.285,1.308,0.349,2.377,0,0.242
0,Chrome,Android,Mobile,GB,2.266235294,0.91175,6.392,0.04,0.04,6.392,0.786,0.785,0.785,0.172,0.04,0.04,0.04,6.433,6.392,0.045,0.507,0.111,0,0,0.116,17,2.527,1.233,6.392,0.04,0.04,6.392,0.786,0.785,0.785,0.172,0.04,0.04,0.04,6.433,6.392,0.045,0.507,0.111,0,0,0.116
0,IE,Windows,Desktop,GR,3.3345,1.128666667,3.87825,0.00625,0.00625,3.87825,1.43025,1.43025,1.43,0.73125,0.00625,0.00625,0.005,3.89425,3.88775,0.72975,1.05375,0.73125,0,0,0.36625,10,4.232,1.175,3.729,0.008,0.008,3.729,1.561,1.561,1.561,0.969,0.008,0.008,0.004,3.736,3.73,0.967,1.422,0.969,0,0,0.298
0,Chrome,Mac,Desktop,GB,3.009,0,2.912,0.029,0.027764706,2.912,1.368764706,1.368294118,1.367470588,1.015235294,0.027764706,0.027764706,0.027176471,2.918647059,2.912,0.035117647,1.080235294,1.002823529,0.01,0,0.585294118,17,3.411,0,3.405,0.056,0.056,3.405,1.713,1.713,1.713,1.376,0.056,0.056,0.056,3.411,3.405,0.068,1.42,1.367,0.009,0,0.885
0,Chrome,Linux,Desktop,GB,2.87625,0.52,2.81,0.082333333,0.070666667,2.81,0.667,0.667,0.666666667,0.445666667,0.070666667,0.064333333,0.060333333,2.814,2.810333333,0.084,0.474333333,0.356333333,0.0435,0,0.146,4,2.78,0.52,2.254,0.096,0.067,2.254,0.634,0.634,0.634,0.404,0.067,0.053,0.051,2.256,2.254,0.097,0.419,0.339,0.017,0,0.16
0,Chrome,Windows,Desktop,GB,2.128833333,0.5138,2.237,0.005,0.005,2.237,0.219,0.218,0.218,0.018,0.005,0.005,0.005,2.243,2.237,0.008,0.013,0.01,0,0,0.439,6,2.342,0.541,2.237,0.005,0.005,2.237,0.219,0.218,0.218,0.018,0.005,0.005,0.005,2.243,2.237,0.008,0.013,0.01,0,0,0.439
0,Chrome,Windows,Desktop,GB,3.857125,0.8552,2.362,0.119333333,0.105666667,2.362,0.927333333,0.927,0.927,0.65,0.105666667,0.098333333,0.097666667,2.371,2.362,0.123,0.649,0.616,0.315,0,0.382,8,6.301,0.828,2.563,0.011,0.011,2.563,1.078,1.077,1.077,0.785,0.011,0.011,0.011,2.568,2.563,0.018,0.799,0.774,0.315,0,0.39
0,Safari,Mac,Desktop,CA,1.862941176,0.3143125,4.728,0.555,0.204,4.728,1.672,1.671,1.671,1.437,0.204,0.006,0,4.733,4.728,0.555,1.654,1.389,0.244,0,0.247,17,2.368,0.434,4.728,0.555,0.204,4.728,1.672,1.671,1.671,1.437,0.204,0.006,0,4.733,4.728,0.555,1.654,1.389,0.244,0,0.247
0,Firefox,Linux,Desktop,IN,9.932,0,9.771,1.276,0.238,9.771,2.243,2.242,2.242,1.34,0.238,0.236,0,9.775,9.771,1.277,1.354,1.317,0.252,0,0.456,1,9.932,0,9.771,1.276,0.238,9.771,2.243,2.242,2.242,1.34,0.238,0.236,0,9.775,9.771,1.277,1.354,1.317,0.252,0,0.456
0,Chrome,Mac,Desktop,GB,4.02175,0,4.00875,0.038083333,0.036583333,4.00875,1.5685,1.568,1.567916667,1.068166667,0.036583333,0.036583333,0.036083333,4.019416667,4.008833333,0.046,1.139166667,1.052833333,0.031,0,0.588416667,12,4.29,0,4.287,0.07,0.07,4.287,1.734,1.734,1.734,1.17,0.07,0.07,0.07,4.291,4.287,0.078,1.277,1.155,0.031,0,0.726
0,Chrome,Windows,Desktop,GB,8.1232,0.83375,7.7235,0.2955,0.178,7.7235,2.851666667,2.8515,2.850833333,1.4065,0.178,0.168166667,0.165833333,7.739833333,7.723666667,0.302166667,1.828833333,1.378333333,0.6365,0,0.45,10,11.594,0.729,9.001,0.115,0.039,9.001,3.186,3.186,3.185,1.661,0.039,0.013,0.005,9.014,9.001,0.116,2.311,1.653,0.073,0,0.472
0,Microsoft Edge,Windows,Desktop,CY,10.152,0,7.795,0.559,0.14,7.795,2.006,2.006,2.005,1.662,0.14,0.078,0.027,7.804,7.799,0.559,1.805,1.662,0.279,0,0.578,1,10.152,0,7.795,0.559,0.14,7.795,2.006,2.006,2.005,1.662,0.14,0.078,0.027,7.804,7.799,0.559,1.805,1.662,0.279,0,0.578
0,Microsoft Edge,Windows,Desktop,GB,9.054,2.468142857,10.419,0.570666667,0.381,10.419,3.217,3.216666667,3.215666667,1.620333333,0.381,0.368,0.356333333,10.434,10.42766667,0.575333333,2.222666667,1.620333333,0.523,0,0.628,10,13.482,3.897,10.413,0.647,0.078,10.413,3.123,3.122,3.122,1.45,0.078,0.039,0.004,10.434,10.431,0.647,2.473,1.45,0.504,0,0.757
0,Chrome,Android,Mobile,GB,3.1807,1.583125,3.934,0.0725,0.024,3.934,1.263,1.2625,1.2625,0.739,0.024,0.024,0.0135,3.9485,3.9365,0.093,0.681,0.6225,0.076,0,0.448,10,3.772,1.947,1.683,0.013,0.013,1.683,0.705,0.704,0.704,0.178,0.013,0.013,0.013,1.69,1.683,0.053,0.08,0.059,0.076,0,0.443
0,Chrome,Windows,Desktop,GB,2.6145,0.801666667,2.985,0.001,0.001,2.985,0.549,0.548,0.548,0.024,0.001,0.001,0.001,3.005,2.988,0.005,0.073,0.006,0,0,0.422,4,2.591,0.847,2.985,0.001,0.001,2.985,0.549,0.548,0.548,0.024,0.001,0.001,0.001,3.005,2.988,0.005,0.073,0.006,0,0,0.422
0,Chrome,Android,Mobile,GB,7.6465,0,7.2165,0.3675,0.2555,7.2165,1.6115,1.6115,1.6115,1.164,0.2555,0.225,0.205,7.3355,7.2175,0.3685,1.1515,1.082,0.298,0,0.374,2,6.723,0,6.119,0.19,0.106,6.119,0.684,0.684,0.684,0.26,0.106,0.08,0.072,6.345,6.121,0.191,0.307,0.247,0.135,0,0.371
0,Chrome,Windows,Desktop,GB,2.071777778,0.255133333,2.862,0.807,0.771,2.862,1.361333333,1.358,1.358,0.868333333,0.771,0.771,0.770666667,2.865333333,2.862666667,0.204,0.91,0.801,0.011,0,0.435666667,18,3.878,0.376,2.65,0.964,0.964,2.65,1.45,1.447,1.447,0.965,0.964,0.964,0.964,2.653,2.651,0.117,0.964,0.864,0.011,0,0.508
0,Chrome,Android,Mobile,GB,11.174,0,10.95,2.168,1.968,10.95,3.878,3.877,3.876,3.059,1.968,1.939,1.932,10.993,10.953,2.169,3.124,3.05,2.004,0,0.43,1,11.174,0,10.95,2.168,1.968,10.95,3.878,3.877,3.876,3.059,1.968,1.939,1.932,10.993,10.953,2.169,3.124,3.05,2.004,0,0.43
0,Chrome,Mac,Desktop,GB,3.628190476,0.587,3.44175,0.1675,0.160375,3.44175,1.310875,1.31075,1.31075,1.046125,0.160375,0.102625,0.102125,3.445875,3.4425,0.174125,1.09175,1.031,0.432666667,0,0.449625,21,5.82,0.549,5.935,0.244,0.225,5.935,1.765,1.765,1.765,1.553,0.225,0.201,0.2,5.941,5.936,0.244,1.574,1.54,0.234,0,0.6
0,Chrome,Android,Mobile,GB,3.575,0.155,9.696,1.054,0.918,9.696,3.007,3.006,3.006,1.737,0.918,0.86,0.856,9.715,9.7,1.056,1.822,1.686,0.971,0,0.16,3,0.491,0.107,9.696,1.054,0.918,9.696,3.007,3.006,3.006,1.737,0.918,0.86,0.856,9.715,9.7,1.056,1.822,1.686,0.971,0,0.16
0,Chrome,Linux,Desktop,GB,17.226,0,15.717,0,0,15.717,2.124,2.124,2.105,0.271,0,0,0,15.795,15.717,0.001,0.004,0.001,0,0,0.467,1,17.226,0,15.717,0,0,15.717,2.124,2.124,2.105,0.271,0,0,0,15.795,15.717,0.001,0.004,0.001,0,0,0.467
0,Chrome,Mac,Desktop,IN,9.404,0,9.235,1.451,0.173,9.235,2.754,2.754,2.754,1.477,0.173,0.172,0,9.24,9.235,1.451,1.47,1.466,0.174,0,0.652,1,9.404,0,9.235,1.451,0.173,9.235,2.754,2.754,2.754,1.477,0.173,0.172,0,9.24,9.235,1.451,1.47,1.466,0.174,0,0.652
0,Chrome,Android,Mobile,GB,2.780933333,1.317857143,4.504,0.184,0.085,4.504,1.261,1.261,1.261,0.781,0.085,0.085,0.046,4.577,4.508,0.185,0.276,0.224,0.111,0,0.066,15,2.935,1.56,4.504,0.184,0.085,4.504,1.261,1.261,1.261,0.781,0.085,0.085,0.046,4.577,4.508,0.185,0.276,0.224,0.111,0,0.066
0,Safari,iPhone,Mobile,GB,2.869,0,2.675,0.076,0.031,2.675,0.489,0.488,0.488,0.225,0.029,0.002,0,2.681,2.675,0.086,0.389,0.204,0.038,0,0.099,1,2.869,0,2.675,0.076,0.031,2.675,0.489,0.488,0.488,0.225,0.029,0.002,0,2.681,2.675,0.086,0.389,0.204,0.038,0,0.099
0,Chrome,Mac,Desktop,GB,70.7284375,2.392733333,11.707,0.414,0.059,11.707,2.864,2.829,2.829,0.811,0.059,0.059,0.018,11.751,11.707,0.417,0.814,0.796,0.059,0,0.294,16,11.962,2.769,11.707,0.414,0.059,11.707,2.864,2.829,2.829,0.811,0.059,0.059,0.018,11.751,11.707,0.417,0.814,0.796,0.059,0,0.294
0,Chrome,Mac,Desktop,GB,1.528,0.358,0,0,0,0,0,0,0,0,0,0,0,0,0,0,0,0,0,0,0,1,1.528,0.358,0,0,0,0,0,0,0,0,0,0,0,0,0,0,0,0,0,0,0
0,Chrome,Mac,Desktop,GB,2.465333333,0.538857143,3.2445,0.136,0.091,3.2445,1.125,1.1245,1.1245,0.7155,0.091,0.091,0.09,3.256,3.2445,0.137,0.716,0.6745,0.203,0,0.478,9,3.403,0.656,3.025,0.003,0.003,3.025,0.88,0.879,0.879,0.355,0.003,0.003,0.003,3.039,3.025,0.005,0.351,0.31,0.203,0,0.287
0,Chrome,Windows,Desktop,GB,6.082272727,2.150428571,6.516,0.0775,0.033,6.516,1.761,1.75975,1.75925,0.84625,0.008,0.008,0.008,6.5405,6.5185,0.08725,0.90975,0.76475,0.1145,0,0.59,11,8.144,2.577,7.883,0.126,0.044,7.883,1.788,1.786,1.785,1.086,0.009,0.009,0.009,7.923,7.888,0.128,1.112,1.069,0.094,0,0.594
0,Chrome,Linux,Desktop,GB,1.682,0,1.569,0.013,0.013,1.569,0.198,0.198,0.198,0.065,0.013,0.013,0.013,1.573,1.569,0.014,0.021,0.014,0,0,0.383,1,1.682,0,1.569,0.013,0.013,1.569,0.198,0.198,0.198,0.065,0.013,0.013,0.013,1.573,1.569,0.014,0.021,0.014,0,0,0.383
0,Chrome,Windows,Desktop,GB,7.976333333,0.605,6.304,0.0055,0.0055,6.304,1.1675,1.1675,1.1675,0.935,0.0055,0.0055,0.0055,6.312,6.305,0.026,1.011,0.928,0,0,0.383,3,7.702,0.605,4.941,0.005,0.005,4.941,1.074,1.074,1.074,0.787,0.005,0.005,0.005,4.951,4.942,0.008,0.85,0.779,0,0,0.24
0,Chrome,Mac,Desktop,GB,3.3055,0.913,0,0,0,0,0,0,0,0,0,0,0,0,0,0,0,0,0,0,0,2,3.05,0.896,0,0,0,0,0,0,0,0,0,0,0,0,0,0,0,0,0,0,0
0,Chrome,Android,Mobile,GB,3.050666667,0.6795,5.228,0.178,0.068,5.228,0.711,0.711,0.71,0.316,0.068,0.025,0.012,5.233,5.228,0.179,0.419,0.269,0.106,0,0.052,3,2.428,0.534,5.228,0.178,0.068,5.228,0.711,0.711,0.71,0.316,0.068,0.025,0.012,5.233,5.228,0.179,0.419,0.269,0.106,0,0.052
0,Chrome,Android,Mobile,GB,3.1594,0.9565,5.798,0.658,0.566,5.798,1.812,1.811,1.811,1.272,0.566,0.529,0.512,5.809,5.798,0.66,1.168,1.097,0.588,0,0.088,5,4.311,1.131,5.798,0.658,0.566,5.798,1.812,1.811,1.811,1.272,0.566,0.529,0.512,5.809,5.798,0.66,1.168,1.097,0.588,0,0.088
0,Chrome,Mac,Desktop,GB,6.640333333,0,6.618333333,0.056333333,0.037,6.618333333,2.138333333,2.137333333,2.137333333,1.442,0.037,0.037,0.030666667,6.642333333,6.618333333,0.059333333,1.502666667,1.42,0.041,0,0.724333333,3,5.582,0,5.573,0.041,0.041,5.573,2.246,2.244,2.244,1.343,0.041,0.041,0.041,5.583,5.573,0.05,1.441,1.325,0.026,0,0.702
0,Safari,iPhone,Mobile,GB,12.577,0,11.077,0.111,0.021,11.077,0.966,0.965,0.965,0.509,0.021,0.006,0,11.103,11.077,0.121,0.552,0.149,0.045,0,0.133,1,12.577,0,11.077,0.111,0.021,11.077,0.966,0.965,0.965,0.509,0.021,0.006,0,11.103,11.077,0.121,0.552,0.149,0.045,0,0.133
0,Chrome,Windows,Desktop,GB,2.237,0.355,2.972,0.105,0.034,2.972,0.65,0.65,0.65,0.181,0.034,0.026,0.017,2.982,2.973,0.108,0.205,0.171,0.045,0,0.237,5,2.932,0.352,2.972,0.105,0.034,2.972,0.65,0.65,0.65,0.181,0.034,0.026,0.017,2.982,2.973,0.108,0.205,0.171,0.045,0,0.237
0,Chrome,Android,Mobile,AU,4.926,1.2885,8.295,0.176,0.079,8.295,1.517,1.517,1.516,0.74,0.079,0.079,0.061,8.315,8.295,0.177,0.819,0.71,0.109,0,0.069,3,3.004,1.052,8.295,0.176,0.079,8.295,1.517,1.517,1.516,0.74,0.079,0.079,0.061,8.315,8.295,0.177,0.819,0.71,0.109,0,0.069
0,Chrome,Mac,Desktop,GB,2.9845,0,2.9776,0.0154,0.0128,2.9776,1.2478,1.2473,1.2471,0.9224,0.0128,0.0128,0.0113,2.9853,2.9776,0.0216,0.9504,0.9114,0.007333333,0,0.5569,10,3.309,0,3.297,0.029,0.029,3.297,1.548,1.548,1.547,1.221,0.029,0.029,0.029,3.302,3.297,0.034,1.258,1.21,0.006,0,0.689
0,Chrome,Windows,Desktop,GB,4.28725,0.742333333,6.058,0.333,0.051,6.058,1.912,1.912,1.911,1.229,0.051,0.051,0.022,6.067,6.059,0.339,0.437,0.385,0.075,0,0.256,4,4.301,0.674,6.058,0.333,0.051,6.058,1.912,1.912,1.911,1.229,0.051,0.051,0.022,6.067,6.059,0.339,0.437,0.385,0.075,0,0.256
0,Safari,iPhone,Mobile,US,9.699,0,9.645,0.043,0.027,9.645,1.214,1.214,1.214,0.894,0.006,0.006,0.006,9.648,9.645,0.043,0.974,0.888,0.039,0,0.522,1,9.699,0,9.645,0.043,0.027,9.645,1.214,1.214,1.214,0.894,0.006,0.006,0.006,9.648,9.645,0.043,0.974,0.888,0.039,0,0.522
0,Chrome,Windows,Desktop,GB,2.086111111,0.505875,2.2335,0.209,0.007,2.2335,0.526,0.526,0.5255,0.269,0.005,0.005,0.005,2.2435,2.234,0.2095,0.312,0.2455,0.142,0,0.393,18,2.288,0.636,1.931,0.109,0.005,1.931,0.345,0.345,0.345,0.182,0.003,0.003,0.003,1.934,1.932,0.11,0.23,0.147,0.082,0,0.258
0,IE,Windows,Desktop,GB,1.712833333,0.8285,0,0,0,0,0,0,0,0,0,0,0,0,0,0,0,0,0,0,0,6,2.295,0.978,0,0,0,0,0,0,0,0,0,0,0,0,0,0,0,0,0,0,0
0,Chrome,Android,Mobile,GB,16.74,0,14.979,0.239,0.051,14.979,3.736,3.735,3.734,1.152,0.051,0.051,0.013,15.007,14.982,0.263,1.294,1.098,0.073,0,0.396,1,16.74,0,14.979,0.239,0.051,14.979,3.736,3.735,3.734,1.152,0.051,0.051,0.013,15.007,14.982,0.263,1.294,1.098,0.073,0,0.396
0,Chrome,Android,Mobile,GB,11.17028571,1.35,9.3785,0.05025,0.0245,9.3785,1.58825,1.58725,1.58675,0.82425,0.0245,0.02225,0.0105,9.4155,9.38175,0.09625,0.77625,0.723,0.082,0,0.31425,7,22.427,1.406,12.242,0.016,0.016,12.242,1.869,1.868,1.867,1.147,0.016,0.016,0.013,12.3,12.246,0.103,1.178,1.1,0.082,0,0.425
0,Microsoft Edge,Windows Mobile,Mobile,PL,29.698,0,17.78,0.576,0.576,17.78,4.283,4.282,4.278,2.154,0.576,0.576,0.576,17.877,17.789,0.95,2.314,2.154,0,0,0.644,1,29.698,0,17.78,0.576,0.576,17.78,4.283,4.282,4.278,2.154,0.576,0.576,0.576,17.877,17.789,0.95,2.314,2.154,0,0,0.644
0,Chrome,Android,Mobile,GB,2.993,1.154,3.483,0.324,0.271,3.483,0.719,0.718,0.718,0.371,0.271,0.055,0.031,3.495,3.484,0.325,0.419,0.348,0.286,0,0.106,2,2.257,1.154,3.483,0.324,0.271,3.483,0.719,0.718,0.718,0.371,0.271,0.055,0.031,3.495,3.484,0.325,0.419,0.348,0.286,0,0.106
0,Chrome,Windows,Desktop,GB,2.289222222,0.745625,3.592,0.007,0.007,3.592,0.65,0.65,0.65,0.016,0.007,0.007,0.007,3.594,3.592,0.01,0.013,0.01,0,0,0.416,9,4.095,1.521,3.592,0.007,0.007,3.592,0.65,0.65,0.65,0.016,0.007,0.007,0.007,3.594,3.592,0.01,0.013,0.01,0,0,0.416
0,Chrome,Mac,Desktop,GB,3.1368,0,3.1308,0.0108,0.0084,3.1308,1.2802,1.2802,1.28,0.8448,0.0084,0.0084,0.0076,3.1388,3.1308,0.016,0.855,0.8256,0.005,0,0.542,5,3.227,0,3.221,0.017,0.005,3.221,1.482,1.482,1.481,1.02,0.005,0.005,0.005,3.227,3.221,0.017,1.045,1.007,0.005,0,0.555
0,Chrome,Android,Mobile,CN,5.593571429,0.899333333,25.181,0.032,0.032,25.181,0.939,0.938,0.938,0.221,0.032,0.032,0.032,25.189,25.184,0.033,0.216,0.195,0,0,0.089,7,2.449,1.08,25.181,0.032,0.032,25.181,0.939,0.938,0.938,0.221,0.032,0.032,0.032,25.189,25.184,0.033,0.216,0.195,0,0,0.089
0,Chrome,Android,Mobile,KR,3.596,1.546166667,5.962,0.02,0.02,5.962,0.788,0.787,0.787,0.093,0.02,0.02,0.02,6.049,5.969,0.021,0.094,0.022,0,0,0.056,7,6.119,2.021,5.962,0.02,0.02,5.962,0.788,0.787,0.787,0.093,0.02,0.02,0.02,6.049,5.969,0.021,0.094,0.022,0,0,0.056
0,Chrome,Mac,Desktop,US,14.79,0,10.513,1.742,0.006,10.513,4.516,4.515,4.515,2.852,0.001,0.001,0.001,10.536,10.513,1.742,3.152,2.793,0.783,0,0.64,1,14.79,0,10.513,1.742,0.006,10.513,4.516,4.515,4.515,2.852,0.001,0.001,0.001,10.536,10.513,1.742,3.152,2.793,0.783,0,0.64
0,Chrome,Android,Mobile,GB,3.8995,1.674,4.613,0.144,0.083,4.613,0.907,0.907,0.906,0.413,0.083,0.083,0.067,4.642,4.616,0.144,0.232,0.166,0.093,0,0.153,2,2.82,1.674,4.613,0.144,0.083,4.613,0.907,0.907,0.906,0.413,0.083,0.083,0.067,4.642,4.616,0.144,0.232,0.166,0.093,0,0.153
0,Chrome,Android,Mobile,GB,9.96,0,7.852,0.79,0.603,7.852,1.643,1.643,1.642,1.078,0.603,0.513,0.498,7.87,7.855,0.793,1.136,1.019,0.648,0,0.362,1,9.96,0,7.852,0.79,0.603,7.852,1.643,1.643,1.642,1.078,0.603,0.513,0.498,7.87,7.855,0.793,1.136,1.019,0.648,0,0.362
0,Chrome,Android,Mobile,GB,24.024,5.0915,41.0735,0.02,0.02,41.0735,3.423,3.4225,3.422,1.599,0.02,0.02,0.02,41.1,41.075,0.046,2.2965,1.5035,0,0,0.207,4,34.835,4.232,34.722,0.02,0.02,34.722,3.303,3.302,3.302,1.12,0.02,0.02,0.02,34.766,34.725,0.037,1.36,1.034,0,0,0.12
0,Chrome,Windows,Desktop,HK,13.2885,0.61,21.095,0.004,0.004,21.095,1.085,1.085,1.084,0.779,0.004,0.004,0.004,21.099,21.095,0.009,0.96,0.769,0,0,0.366,2,3.044,0.61,21.095,0.004,0.004,21.095,1.085,1.085,1.084,0.779,0.004,0.004,0.004,21.099,21.095,0.009,0.96,0.769,0,0,0.366
0,Chrome,Android,Mobile,GB,2.792428571,1.3705,3.948,0.224,0.069,3.948,1.011,1.011,1.01,0.556,0.069,0.035,0.007,3.975,3.953,0.224,0.968,0.467,0.125,0,0.062,7,4.01,1.308,3.948,0.224,0.069,3.948,1.011,1.011,1.01,0.556,0.069,0.035,0.007,3.975,3.953,0.224,0.968,0.467,0.125,0,0.062
0,Chrome,Mac,Desktop,GB,4.744285714,0,4.724142857,0.032714286,0.023857143,4.724142857,1.548857143,1.548,1.547714286,0.917,0.023857143,0.023857143,0.018428571,4.733285714,4.724285714,0.046285714,0.985571429,0.896428571,0.026,0,0.457142857,7,5.824,0,5.793,0.044,0.034,5.793,1.907,1.907,1.906,1.047,0.034,0.034,0.029,5.801,5.793,0.056,1.168,1.023,0.026,0,0.493
0,Chrome,Android,Mobile,GB,4.765,1.457,5.266,0.152,0.05,5.266,1.045,1.045,1.044,0.37,0.05,0.05,0.018,5.279,5.266,0.163,0.287,0.24,0.066,0,0.099,2,3.809,1.457,5.266,0.152,0.05,5.266,1.045,1.045,1.044,0.37,0.05,0.05,0.018,5.279,5.266,0.163,0.287,0.24,0.066,0,0.099
0,Chrome,Windows,Desktop,GB,1.934304348,0.155157895,4.20675,0.12625,0.11925,4.20675,1.6825,1.68225,1.682,1.31625,0.11925,0.11925,0.116,4.2125,4.20725,0.13425,1.3165,1.27125,0.14,0,0.6515,23,3.32,0.225,4.953,0.16,0.132,4.953,2.118,2.117,2.117,1.681,0.132,0.132,0.119,4.959,4.954,0.161,1.608,1.545,0.14,0,1.007
0,Chrome,Android,Mobile,GB,3.963210526,0.8016,4.967111111,0.021666667,0.014888889,4.967111111,1.338,1.337,1.337,1.025,0.014888889,0.014888889,0.013555556,4.978555556,4.968444444,0.033111111,0.843222222,0.767222222,0.057,0,0.451777778,19,8.418,1.007,7.003,0.029,0.029,7.003,1.72,1.719,1.719,1.266,0.029,0.029,0.028,7.017,7.003,0.065,1.402,1.196,0.057,0,0.786
0,Chrome,Linux,Desktop,GB,1.981,0.237,2.428,0.038,0.034,2.428,0.312,0.312,0.312,0.052,0.034,0.034,0.031,2.432,2.428,0.039,0.056,0.049,0.034,0,0.263,2,1.044,0.237,2.428,0.038,0.034,2.428,0.312,0.312,0.312,0.052,0.034,0.034,0.031,2.432,2.428,0.039,0.056,0.049,0.034,0,0.263
0,Chrome,Windows,Desktop,GB,5.223333333,0,4.489,0.539666667,0.458666667,4.489,1.782333333,1.782,1.781666667,1.040333333,0.458666667,0.412333333,0.410666667,4.495333333,4.489,0.540666667,1.135666667,1.012333333,0.5525,0,0.393333333,3,3.472,0,3.43,0.661,0.505,3.43,1.42,1.419,1.419,1.11,0.505,0.445,0.443,3.438,3.43,0.662,1.2,1.085,0.506,0,0.36
0,Chrome,Android,Mobile,GB,5.897444444,1.392777778,0,0,0,0,0,0,0,0,0,0,0,0,0,0,0,0,0,0,0,9,6.282,1.744,0,0,0,0,0,0,0,0,0,0,0,0,0,0,0,0,0,0,0
0,Chrome,Mac,Desktop,GB,14.526,1.252,21.114,0.163,0.163,21.114,8.2,8.2,8.199,0.497,0.163,0.163,0.163,21.12,21.115,0.167,0.26,0.252,0,0,0.265,2,6.298,1.252,21.114,0.163,0.163,21.114,8.2,8.2,8.199,0.497,0.163,0.163,0.163,21.12,21.115,0.167,0.26,0.252,0,0,0.265
0,Chrome,Linux,Desktop,GB,6.56825,0,5.403,0.08275,0.074,5.403,2.31325,2.313,2.31025,1.638,0.074,0.06825,0.06475,5.4135,5.4035,0.09175,2.09625,1.60425,0.06,0,0.30675,4,7.405,0,5.73,0.106,0.08,5.73,2.332,2.332,2.331,1.779,0.08,0.076,0.074,5.733,5.731,0.107,2.299,1.771,0.037,0,0.295
0,Chrome,Windows,Desktop,GB,5.920333333,0,2.156,0.011083333,0.005916667,2.156,0.62925,0.629166667,0.629,0.49425,0.005916667,0.001166667,0.000666667,2.160583333,2.156416667,0.01325,0.518166667,0.480666667,0.026333333,0,0.545916667,12,8.601,0,2.181,0.03,0.02,2.181,1.005,1.005,1.005,0.926,0.02,0.003,0.001,2.189,2.181,0.03,0.911,0.891,0.025,0,0.557
0,Chrome,Mac,Desktop,GB,5.109666667,0.783,4.48525,0.0045,0.0045,4.48525,1.45375,1.43825,1.438,0.7785,0.0045,0.0045,0.0045,4.499,4.48525,0.06975,0.80425,0.76125,0,0,0.411,6,7.344,0.78,4.773,0.003,0.003,4.773,1.83,1.818,1.817,1.138,0.003,0.003,0.003,4.78,4.773,0.044,1.162,1.123,0,0,0.377
0,Chrome,Windows,Desktop,GB,2.5168,0.84975,4.709,0.6,0.039,4.709,1.634,1.634,1.633,1.026,0.039,0.026,0.003,4.723,4.71,0.6,1.125,1.006,0.04,0,0.264,5,2.12,0.928,4.709,0.6,0.039,4.709,1.634,1.634,1.633,1.026,0.039,0.026,0.003,4.723,4.71,0.6,1.125,1.006,0.04,0,0.264
0,Chrome,Mac,Desktop,GB,12.19,0,10.534,0.241,0.137,10.534,1.572,1.561,1.561,0.334,0.137,0.137,0.118,10.545,10.534,0.241,0.461,0.284,0.147,0,0.246,1,12.19,0,10.534,0.241,0.137,10.534,1.572,1.561,1.561,0.334,0.137,0.137,0.118,10.545,10.534,0.241,0.461,0.284,0.147,0,0.246
0,Chrome,Android,Mobile,CN,19.452,0,18.948,0.765,0.546,18.948,2.269,2.269,2.268,1.713,0.545,0.545,0.545,18.952,18.948,0.765,2.247,1.696,0.654,0,0.411,1,19.452,0,18.948,0.765,0.546,18.948,2.269,2.269,2.268,1.713,0.545,0.545,0.545,18.952,18.948,0.765,2.247,1.696,0.654,0,0.411
0,Chrome,Android,Mobile,GB,3.719266667,1.068363636,5.5455,0.20125,0.09925,5.5455,2.2675,2.267,2.266,0.5985,0.09925,0.081,0.06275,5.575,5.548,0.21,1.5695,0.50575,0.183333333,0,0.39925,15,7.478,1.161,4.7,0.281,0.096,4.7,1.823,1.823,1.822,0.509,0.096,0.048,0.027,4.712,4.702,0.287,1.298,0.499,0.189,0,0.43
0,Chrome,Android,Mobile,GB,5.006818182,1.584,0,0,0,0,0,0,0,0,0,0,0,0,0,0,0,0,0,0,0,11,5.844,2.053,0,0,0,0,0,0,0,0,0,0,0,0,0,0,0,0,0,0,0
0,Chrome,Linux,Desktop,GB,4.5904,1.07,4.5295,0.152,0.13825,4.5295,0.8815,0.8815,0.88075,0.59275,0.13825,0.1145,0.10725,4.5345,4.52975,0.1585,0.59375,0.56375,0.1745,0,0.18375,5,5.46,1.07,4.714,0.121,0.115,4.714,1.026,1.026,1.025,0.653,0.115,0.114,0.114,4.716,4.714,0.123,0.639,0.621,0.117,0,0.24
0,Chrome,Windows,Desktop,GB,2.848,0.704,3.884,0.012,0.012,3.884,1.226,1.224,1.224,0.815,0.012,0.012,0.012,3.903,3.884,0.022,0.951,0.751,0,0,0.341,3,2.377,0.691,3.884,0.012,0.012,3.884,1.226,1.224,1.224,0.815,0.012,0.012,0.012,3.903,3.884,0.022,0.951,0.751,0,0,0.341
0,Safari,Mac,Desktop,US,3.2982,0.477,3.681,0.00825,0.00825,3.681,0.674,0.673,0.673,0.466,0.00825,0.00825,0.00825,3.68725,3.682,0.01175,0.53375,0.426,0,0,0.318,5,3.757,0.477,3.739,0,0,3.739,0.845,0.844,0.844,0.681,0,0,0,3.743,3.74,0.005,0.713,0.655,0,0,0.362
0,Safari,iPad,Tablet,GB,5.7388,2.3405,9.163,0.165,0.038,9.163,1.417,1.416,1.416,0.664,0.033,0.005,0,9.178,9.164,0.166,0.733,0.437,0.048,0,0.274,5,6.893,2.815,9.163,0.165,0.038,9.163,1.417,1.416,1.416,0.664,0.033,0.005,0,9.178,9.164,0.166,0.733,0.437,0.048,0,0.274
0,Chrome,Android,Mobile,GB,2.7368,0.63625,5.21,0.362,0.3085,5.21,1.4475,1.447,1.447,0.883,0.3085,0.258,0.2535,5.2225,5.211,0.3635,0.939,0.8285,0.321,0,0.2585,10,6.051,0.611,4.77,0.241,0.203,4.77,1.38,1.38,1.38,0.662,0.203,0.203,0.197,4.786,4.772,0.242,0.784,0.644,0.215,0,0.084
0,Chrome,Android,Mobile,GB,4.0904,1.563,8.59,0.245,0.084,8.59,1.433,1.432,1.432,0.408,0.084,0.084,0.058,8.614,8.59,0.256,0.358,0.296,0.115,0,0.062,5,3.264,1.747,8.59,0.245,0.084,8.59,1.433,1.432,1.432,0.408,0.084,0.084,0.058,8.614,8.59,0.256,0.358,0.296,0.115,0,0.062
